{
  "main": {
    "id": "bae73e9f05b288ae",
    "type": "split",
    "children": [
      {
        "id": "a5236629f356c5e4",
        "type": "tabs",
        "children": [
          {
            "id": "4c1320c698ffaebb",
            "type": "leaf",
            "state": {
              "type": "markdown",
              "state": {
                "file": "The Gifts of Imperfection.md",
                "mode": "preview",
                "source": false
              }
            }
          }
        ]
      }
    ],
    "direction": "vertical"
  },
  "left": {
    "id": "11d5617a691cafbe",
    "type": "split",
    "children": [
      {
        "id": "fe7100e62a087fc9",
        "type": "tabs",
        "children": [
          {
            "id": "e41ee40344afa0b4",
            "type": "leaf",
            "state": {
              "type": "file-explorer",
              "state": {
                "sortOrder": "alphabetical"
              }
            }
          },
          {
            "id": "f7108e80ad2562c5",
            "type": "leaf",
            "state": {
              "type": "search",
              "state": {
                "query": "",
                "matchingCase": false,
                "explainSearch": false,
                "collapseAll": false,
                "extraContext": false,
                "sortOrder": "alphabetical"
              }
            }
          },
          {
            "id": "7455fbaae5a1b452",
            "type": "leaf",
            "state": {
              "type": "bookmarks",
              "state": {}
            }
          }
        ]
      }
    ],
    "direction": "horizontal",
    "width": 300
  },
  "right": {
    "id": "a60bb5dc117019eb",
    "type": "split",
    "children": [
      {
        "id": "651f480b09a24b97",
        "type": "tabs",
        "children": [
          {
            "id": "de22b301f28cd66b",
            "type": "leaf",
            "state": {
              "type": "backlink",
              "state": {
                "file": "The Gifts of Imperfection.md",
                "collapseAll": false,
                "extraContext": false,
                "sortOrder": "alphabetical",
                "showSearch": false,
                "searchQuery": "",
                "backlinkCollapsed": false,
                "unlinkedCollapsed": true
              }
            }
          },
          {
            "id": "44529e1005a658a2",
            "type": "leaf",
            "state": {
              "type": "outgoing-link",
              "state": {
                "file": "The Gifts of Imperfection.md",
                "linksCollapsed": false,
                "unlinkedCollapsed": true
              }
            }
          },
          {
            "id": "519f03d5570f05c8",
            "type": "leaf",
            "state": {
              "type": "tag",
              "state": {
                "sortOrder": "frequency",
                "useHierarchy": true
              }
            }
          },
          {
            "id": "ecbc60349b913636",
            "type": "leaf",
            "state": {
              "type": "outline",
              "state": {
                "file": "The Gifts of Imperfection.md"
              }
            }
          }
        ]
      }
    ],
    "direction": "horizontal",
    "width": 300,
    "collapsed": true
  },
  "left-ribbon": {
    "hiddenItems": {
      "switcher:Open quick switcher": false,
      "graph:Open graph view": false,
      "canvas:Create new canvas": false,
      "daily-notes:Open today's daily note": false,
      "templates:Insert template": false,
      "command-palette:Open command palette": false
    }
  },
  "active": "4c1320c698ffaebb",
  "lastOpenFiles": [
    "Steal Like an Artist.md",
    "Keep Going.md",
    "Show Your Work.md",
    "Deep Work.md",
    "Fluent Forever.md",
    "Consequences of Erudite Vernacular Utilized Irrespective of Necessity.md",
    "Breakthrough Advertising.md",
    "Atomic Habits.md"
  ]
}